"Slice","AgeGroup","Treatment","Date","Age","Sex","Weight","rSoln","xSoln","Cut.Time","Rig","HP","FirstIO","StimFile","StimMag","Comment","PPreR_f","PPreR_t","PPostR_1"
"P14f-AP5F_1-AP02","PND14","AP5[50uM]","2017_11_09",13,"M",27,"rACSF","rACSF",NA,"Luis",NA,"2017_11_09_1000.atf","2017_11_09_1003.abf","0.05","Omit: AP5 for full exp",1.06913773799751,NA,1.00672634487923
"P14f-AP5F_2-AP03","PND14","AP5[50uM]","2017_11_09",13,"M",27,"rACSF","rACSF",NA,"Luis",NA,"2017_11_09_1007.atf","2017_11_09_1009.abf",NA,"",NA,NA,0.957381190958543
"P14f-AP5W_1","PND14","AP5[50uM]","2018_01_19",15,"F",40,"rACSF","rACSF",NA,"Scott",NA,"2018_01_19_0003.atf","2018_01_19_0007.abf","0.035","",0.887951634079267,NA,0.889718259175073
"P14f-AP5W_2","PND14","AP5[50uM]","2018_02_26",15,"F",35,"rACSF","rACSF",NA,"Scott",NA,"2018_02_26_0009.atf","2018_02_26_0016.abf","0.03","Did HFS after LTD",0.9836927908158,0.926211143459462,0.950857804326082
"P14f-AP5W_3","PND14","AP5[50uM]","2018_06_20",14,"F",28.9,"rACSF","rACSF","9:00","Scott",NA,"2018_06_20_0007.atf","2018_06_20_0012.abf","0.05","",0.890538615362772,NA,0.889843726770311
"P14f-AP5W_4","PND14","AP5[50uM]","2018_06_21",15,"M",32,"rACSF","rACSF","11:30","Scott",NA,"2018_06_21_0000.atf","2018_06_21_0008.abf","0.06","[25uM] AP5",0.956620913779679,0.973156651466025,0.968065354623037
"P14f-AP5W_5","PND14","AP5[50uM]","2018_06_21",15,"M",32,"rACSF","rACSF",NA,"Luis",NA,"2018_06_21_1008.atf","2018_06_21_1013.abf",NA,"",0.891338818249344,NA,0.887801380960924
"P14f-AP5W_6","PND14","AP5[50uM]","2018_06_21",15,"M",32,"rACSF","rACSF",NA,"Scott",NA,"2018_06_21_0022.atf","2018_06_21_0027.abf",NA,"",0.878526210573304,NA,0.994605907610437
"P14f-AP5W_7","PND14","AP5[50uM]","2018_10_10",13,"M",25.9,"rACSF","rACSF","9:00","Sunny","R2","2018_10_10_2001.atf","2018_10_10_2008.abf",NA,"",1.07167692310091,NA,NA
"P14f-AP5W_8","PND14","AP5[50uM]","2018_10_10",13,"M",25.9,"rACSF","rACSF","9:00","Scott","L3","2018_10_10_0012.atf","2018_10_10_0018.abf","0.0","",0.872412435271423,NA,0.933699966508856
"P14f-AP5W_9","PND14","AP5[50uM]","2018_10_10",13,"M",25.9,"rACSF","rACSF","9:00","Luis","L1","2018_10_10_1011.atf","2018_10_10_1015.abf","0.0","",0.944940747077119,NA,0.981175980971992
"P14f-AP5W_10","PND14","AP5[50uM]","2018_10_11",14,"M",30,"rACSF","Sucrose","6:45","Scott","L2","2018_10_11_0000.atf","2018_10_11_0005.abf","0.05","",0.807495506712683,NA,0.820538910075507
"P14f-AP5W_11","PND14","AP5[50uM]","2018_11_29",13,"M",27.3,"rACSF","rACSF","10:15","Luis","L2","2018_11_29_1023.atf","2018_11_29_1031.abf","0.04","",0.810194860084944,0.82913877008795,0.906941533368457
"P14f-AP5W_12","PND14","AP5[50uM]","2018_11_29",13,"M",27.3,"rACSF","rACSF","10:15","Scott","R4","2018_11_29_0013.atf","2018_11_29_0023.abf","0.035","",0.82909173773711,0.865013732204806,0.935783454939578
"P14f-AP5W_13","PND14","AP5[50uM]","2018_11_30",14,"F",27.9,"rACSF","rACSF","11:30","Scott","L3","2018_11_30_0000.atf","2018_11_30_0008.abf","0.03","",0.830594545064033,0.835683352184741,0.856222974258901
"P14f-AP5W_14","PND14","AP5[50uM]","2018_11_30",14,"F",27.9,"rACSF","rACSF","11:30","Luis","L4","2018_11_30_1013.atf","2018_11_30_1018.abf","0.03","",0.855628470193417,NA,0.845414726764737
"P14f-CS_2-CS11","PND14","Control","2017_08_17",14,"F",37,"rACSF","rACSF","2:55","Luis",NA,"2017_08_17_1004.atf","2017_08_17_1007.abf","0.05","",0.874491713040234,NA,0.867929678296022
"P14f-CS_3-CS22","PND14","Control","2017_09_09",13,"M",28,"rACSF","rACSF","10:55","Scott",NA,"2017_09_09_0004.atf","2017_09_09_0007.abf","0.05","",0.88504789670974,NA,0.836423230355297
"P14f-CS_4-CS23","PND14","Control","2017_09_09",13,"M",28,"rACSF","rACSF",NA,"Luis",NA,"2017_09_09_1000.atf","2017_09_09_1003.abf","0.05","",0.872381091620871,NA,0.913363063867839
"P14f-CS_5-CS24","PND14","Control","2017_09_09",13,"M",28,"rACSF","rACSF",NA,"Sunny",NA,"2017_09_09_2000.atf","2017_09_09_2004.abf","0.05","",1.18391363468412,NA,0.912535064905065
"P14f-CS_6-CS25","PND14","Control","2017_09_09",13,"M",28,"rACSF","rACSF",NA,"Scott",NA,"2017_09_09_0011.atf","2017_09_09_0014.abf","0.05","",0.881363631396945,NA,0.936370577755268
"P14f-CS_7-CS26","PND14","Control","2017_09_09",13,"M",28,"rACSF","rACSF",NA,"Luis",NA,"2017_09_09_1007.atf","2017_09_09_1010.abf","0.05","",0.843273412128192,NA,0.856633495892318
"P14f-CS_8-CS27","PND14","Control","2017_09_10",14,"M",32,"rACSF","rACSF",NA,"Scott",NA,"2017_09_10_0000.atf","2017_09_10_0003.abf","0.05","",0.923706027924329,NA,0.930325492329041
"P14f-CS_9-CS28","PND14","Control","2017_09_10",14,"M",32,"rACSF","rACSF",NA,"Scott",NA,"2017_09_10_0010.atf","2017_09_10_0013.abf","0.05","",0.829378680084345,NA,0.914918681894041
"P14f-CS_10-CS29","PND14","Control","2017_09_11",15,"F",32,"rACSF","rACSF",NA,"Scott",NA,"2017_09_11_0000.atf","2017_09_11_0003.abf","0.05","New person made aCSF, No LTD in Control Slices this day. Omit?",0.863109412654044,NA,0.878775125570959
"P14f-CS_11-CS30","PND14","Control","2017_09_11",15,"F",32,"rACSF","rACSF",NA,"Scott",NA,"2017_09_11_0007.atf","2017_09_11_0009.abf","0.05","New person made aCSF, No LTD in Control Slices this day. Omit?",0.856495888154191,NA,0.952530930242691
"P14f-CS_12-CS36","PND14","Control","2018_01_14",14,"M",29.5,"rACSF","rACSF",NA,"Scott","Mid","2018_01_14_0000.atf","2018_01_14_0003.abf","0.04","",0.847620643286538,NA,0.88653860376915
"P14f-CS_13-CS37","PND14","Control","2018_01_14",14,"M",29.5,"rACSF","rACSF",NA,"Sunny","Mid","2018_01_14_2000.atf","2018_01_14_2003.abf","0.05","",1.13136321731557,NA,1.01546324963229
"P14f-CS_14-CS38","PND14","Control","2018_01_14",14,"M",29.5,"rACSF","rACSF",NA,"Scott","Ven","2018_01_14_0009.atf","2018_01_14_0012.abf","0.05","Potential flow issue",0.930494358872204,NA,0.936324618068858
"P14f-CS_15-CS39","PND14","Control","2018_01_14",14,"M",29.5,"rACSF","rACSF",NA,"Luis","Mid","2018_01_14_1007.atf","2018_01_14_1010.abf","0.05","",0.921182114059427,NA,0.882759105924768
"P14f-CS_16-CS40","PND14","Control","2018_01_15",15,"M",35,"rACSF","rACSF",NA,"Scott","Mid","2018_01_15_0006.atf","2018_01_15_0009.abf","0.04","",0.913896046760103,NA,0.927997591191462
"P14f-CS_17-CS41","PND14","Control","2018_01_15",15,"M",35,"rACSF","rACSF",NA,"Luis","Mid","2018_01_15_1004.atf","2018_01_15_1007.abf","0.03","Temp not working on luis rig. Potential source of earlier 2 days issues",0.906638407214051,NA,0.881656802724497
"P14f-CS_18-CS42","PND14","Control","2018_01_15",15,"M",35,"rACSF","rACSF",NA,"Scott","Mid","2018_01_15_0014.atf","2018_01_15_0017.abf","0.02","Omit flow issue",0.98607178324352,NA,0.975386349438789
"P14f-CS_19-CS43","PND14","Control","2018_01_15",15,"M",35,"rACSF","rACSF",NA,"Luis",NA,"2018_01_15_1011.atf","2018_01_15_1014.abf","0.035","Omit temp broken",0.958779014293951,NA,0.944503963322865
"P14f-CS_20-CS44","PND14","Control","2018_01_17",13,"M",35,"rACSF","rACSF",NA,"Luis",NA,"2018_01_17_1003.atf","2018_01_17_1007.abf","0.05","Omit: temp broken",0.85377432983236,NA,0.87541985667589
"P14f-CS_21-CS45","PND14","Control","2018_01_18",14,"F",37,"rACSF","rACSF",NA,"Scott","X2","2018_01_18_0003.atf","2018_01_18_0007.abf","0.02","",0.921425895498783,NA,0.900046597995546
"P14f-CS_22-CS46","PND14","Control","2018_01_18",14,"F",37,"rACSF","rACSF",NA,"Luis","X3","2018_01_18_1000.atf","2018_01_18_1003.abf","0.03","This was when heating issue on Luis rig was noticed",0.863915351776867,NA,0.93526074796129
"P14f-CS_23-CS47","PND14","Control","2018_01_19",15,"F",40,"rACSF","rACSF",NA,"Luis",NA,"2018_01_19_1005.atf","2018_01_19_1009.abf","0.05","",0.940444575785432,NA,0.914891392457825
"P14f-CS_24-CS48","PND14","Control","2018_06_20",14,"F",28.9,"rACSF","rACSF",NA,"Luis",NA,"2018_06_20_1006.atf","2018_06_20_1009.abf","0.05","",0.795601689762774,NA,0.864803798076377
"P14f-CS_25","PND14","Control","2018_10_12",15,"F",33,"rACSF","Sucrose","6:50","Luis","L3","2018_10_12_1019.atf","2018_10_12_1024.abf","0.04","",0.88505768019091,NA,0.908773274879519
"P14f-CS_26","PND14","Control","2018_10_12",15,"F",33,"rACSF","Sucrose","6:50","Scott",NA,"2018_10_12_0035.atf","2018_10_12_0038.abf","0.0","",1.01040730761574,NA,1.03788670908119
"P14f-CS_27","PND14","Control","2018_11_29",13,"M",27.3,"rACSF","rACSF","10:15","Scott","L3","2018_11_29_0000.atf","2018_11_29_0005.abf","0.05","",0.850282861906664,NA,0.87463247140254
"P14f-S_2-S3","PND14","EtOH[50mM]","2017_07_07",15,"M",35,"rACSF","rACSF",NA,"Scott",NA,"2017_07_07_0000.atf","2017_07_07_0004.abf","0.05","",0.820285489337117,NA,0.79577961449164
"P14f-S_3-S4","PND14","EtOH[50mM]","2017_07_07",15,"M",35,"rACSF","rACSF",NA,"Scott",NA,"2017_07_07_0012.atf","2017_07_07_0016.abf","0.05","",1.02163224564389,NA,0.966095455822339
"P14f-S_4-S9","PND14","EtOH[50mM]","2017_08_16",13,"M",35,"rACSF","rACSF",NA,"Scott",NA,"2017_08_16_0000.atf","2017_08_16_0004.abf","0.04","Great recording w LTD",0.820614127534843,NA,0.915663412680237
"P14f-S_5-S10","PND14","EtOH[50mM]","2017_08_16",13,"M",35,"rACSF","rACSF",NA,"Scott",NA,"2017_08_16_0011.atf","2017_08_16_0015.abf","0.05","",0.794243187040347,NA,0.863601919674671
"P14f-S_6-S11","PND14","EtOH[50mM]","2018_01_17",13,"M",35,"rACSF","rACSF",NA,"Scott",NA,"2018_01_17_0016.atf","2018_01_17_0020.abf","0.028","",0.870064692659117,NA,0.918119749516615
"P14f-S_7-S12","PND14","EtOH[50mM]","2018_01_17",13,"F",33,"rACSF","rACSF",NA,"Scott","X3","2018_01_17_0026.atf","2018_01_17_0031.abf","0.02","2nd animal of the day",0.913063669307176,NA,0.892202706237724
"P14f-S_8-S13","PND14","EtOH[50mM]","2018_01_17",13,"F",33,"rACSF","rACSF",NA,"Scott",NA,"2018_01_17_0039.atf","2018_01_17_0044.abf","0.03","First IO done at 0.03 mA",0.840266157392992,NA,0.962130129064113
"P14f-S_9-S14","PND14","EtOH[50mM]","2018_01_18",14,"F",37,"rACSF","rACSF",NA,"Scott",NA,"2018_01_18_0011.atf","2018_01_18_0015.abf","0.02","",0.87766788441773,NA,0.932706720747134
"P14f-S_10","PND14","EtOH[50mM]","2018_10_11",14,"M",31,"rACSF","Sucrose","6:45","Luis","R2","2018_10_11_1000.atf","2018_10_11_1006.abf","0.035","",0.826531739770647,0.855211380514824,0.884404018296687
"P14f-S_11","PND14","EtOH[50mM]","2018_10_11",14,"M",31,"rACSF","Sucrose","6:45","Scott","R3","2018_10_11_0026.atf","2018_10_11_0032.abf","0.035","",0.819035850625189,NA,0.939775713972394
"P14f-S_12","PND14","EtOH[50mM]","2018_10_11",14,"M",31,"rACSF","Sucrose","6:45","Luis","L3","2018_10_11_1015.atf","2018_10_11_1020.abf","0.03","",0.822822397282461,NA,0.852565592610405
"P14f-SS_1-SS6","PND14","EtOH[100mM]","2017_06_15",13,"F",28,"rACSF","rACSF",NA,"Scott",NA,"2017_06_15_0000.atf","2017_06_15_0005.abf",NA,"",0.82821716010657,NA,NA
"P14f-SS_2-SS7","PND14","EtOH[100mM]","2017_06_16",14,"M",31,"rACSF","rACSF",NA,"Scott",NA,"2017_06_16_0003.atf","2017_06_16_0007.abf","0.0","",0.772601917885101,NA,NA
"P14f-SS_3-SS8","PND14","EtOH[100mM]","2017_06_17",15,"M",31,"rACSF","rACSF",NA,"Scott",NA,"2017_06_17_0000.atf","2017_06_17_0004.abf","0.0","",0.938259990121598,NA,NA
"P14f-SS_4-SS24","PND14","EtOH[100mM]","2017_07_06",14,"M",31,"rACSF","rACSF",NA,"Scott",NA,"2017_07_06_0000.atf","2017_07_06_0004.abf","0.08","",0.780164279286873,NA,0.898522889275774
"P14f-SS_5-SS25","PND14","EtOH[100mM]","2017_07_06",14,"M",31,"rACSF","rACSF",NA,"Scott",NA,"2017_07_06_0011.atf","2017_07_06_0015.abf","0.05","Had to create 4 columns in Decay at~Sweep 80 to have 240 Sweeps :0016.atf",0.744035947121264,NA,0.840956213039992
"P14f-SS_6-SS26","PND14","EtOH[100mM]","2017_07_06",14,"M",31,"rACSF","rACSF",NA,"Scott",NA,"2017_07_06_0027.atf","2017_07_06_0031.abf","0.05","No rundown during EtOH wash in, flow rate 2mL/min",0.78016546500033,NA,0.879221306825931
"P14f-SS_7-SS27","PND14","EtOH[100mM]","2018_06_21",15,"M",32,"rACSF","rACSF",NA,"Luis","R1","2018_06_21_1001.atf","2018_06_21_1004.abf","0.05","",0.916470949380956,NA,0.979731476710159
"P14f-SS_8","PND14","EtOH[100mM]","2018_10_12",15,"F",33,"rACSF","Sucrose","6:50","Scott","L2","2018_10_12_0000.atf","2018_10_12_0006.abf","0.04","",0.930063036516369,NA,0.9434088259573
"P14f-SS_9","PND14","EtOH[100mM]","2018_10_12",15,"F",33,"rACSF","Sucrose","6:50","Luis","R2","2018_10_12_1003.atf","2018_10_12_1009.abf","0.04","",1.05858945486127,NA,0.980636469362528
"P21f-AP5F_1-AP05","PND21","AP5[50uM]","2017_11_15",19,"M",45,"rACSF","rACSF",NA,"Scott","L3","2017_11_15_0003.atf","2017_11_15_0006.abf","0.04","",0.965618703425047,NA,0.891624761574609
"P21f-AP5F_2-AP06","PND21","AP5[50uM]","2017_11_15",19,"M",45,"rACSF","rACSF",NA,"Luis",NA,"2017_11_15_1007.atf","2017_11_15_1010.abf","0.06","",1.10766009759688,NA,0.987125006200757
"P21f-AP5F_3-AP07","PND21","AP5[50uM]","2017_11_15",19,"M",45,"rACSF","rACSF",NA,"Scott","R4","2017_11_15_0015.atf","2017_11_15_0018.abf","0.035","",0.952232962765313,NA,0.929669424142107
"P21f-AP5F_4-AP08","PND21","AP5[50uM]","2017_11_16",20,"F",53,"rACSF","rACSF",NA,"Scott","L3","2017_11_16_0000.atf","2017_11_16_0003.abf","0.03","Very nice traces for closer look at EPSP",1.05711554612041,NA,0.946172406394316
"P21f-AP5F_5-AP09","PND21","AP5[50uM]","2017_11_17",21,"F",51,"rACSF","rACSF",NA,"Scott","L3","2017_11_17_0004.atf","2017_11_17_0007.abf","0.015","",0.965713355077349,NA,0.924778175076106
"P21f-AP5F_6-AP10","PND21","AP5[50uM]","2017_11_17",21,"F",51,"rACSF","rACSF",NA,"Luis","R3","2017_11_17_1003.atf","2017_11_17_1006.abf","0.035","",0.978582961972863,NA,0.981752211934317
"P21f-AP5F_7-AP11","PND21","AP5[50uM]","2017_11_17",21,"F",51,"rACSF","rACSF",NA,"Scott","R4","2017_11_17_0015.atf","2017_11_17_0018.abf","0.05","",1.00558021342134,NA,0.950413850651277
"P21f-AP5F_8-AP12","PND21","AP5[50uM]","2017_11_18",22,"F",53,"rACSF","rACSF",NA,"Scott","R3","2017_11_18_0003.atf","2017_11_18_0006.abf","0.03","",1.04439204665215,NA,1.03259089769992
"P21f-AP5F_9-AP13","PND21","AP5[50uM]","2017_11_18",22,"F",53,"rACSF","rACSF",NA,"Luis","L3","2017_11_18_1000.atf","2017_11_18_1003.abf","0.035","",0.956921670186977,NA,0.970468453944172
"P21f-AP5W_10","PND21","AP5[50uM]","2018_01_22",22,"M",60,"rACSF","rACSF",NA,"Scott","X2","2018_01_22_0000.atf","2018_01_22_0004.abf","0.025","",0.987391547609013,NA,0.954898298840874
"P21f-AP5W_11","PND21","AP5[50uM]","2018_01_22",22,"M",60,"rACSF","rACSF",NA,"Scott","X3","2018_01_22_0008.atf","2018_01_22_0013.abf","0.03","",1.11935658624908,NA,1.09089824192774
"P21f-AP5W_12","PND21","AP5[50uM]","2018_01_25",21,"M",66,"rACSF","rACSF",NA,"Scott","R3","2018_01_25_0000.atf","2018_01_25_0005.abf","0.03","",0.933444423628076,NA,0.925800664682644
"P21f-AP5W_13","PND21","AP5[50uM]","2018_01_25",21,"M",66,"rACSF","rACSF",NA,"Scott",NA,"2018_01_25_0019.atf","2018_01_25_0014.abf","0.0","",1.00568769169415,NA,1.06319932204393
"P21f-AP5W_14","PND21","AP5[50uM]","2018_01_25",21,"M",66,"rACSF","rACSF",NA,"Scott","","2018_01_25_0019.abf","2018_01_25_0023.abf","0.03","",0.947694402471332,NA,0.929657105444789
"P21f-AP5W_15","PND21","AP5[50uM]","2018_12_06",20,"M",45,"rACSF","rACSF","8:45","Scott","L3","2018_12_06_0000.abf","2018_12_06_0010.abf","0.035","",0.964370666038814,0.949016331241873,0.893383230501945
"P21f-AP5W_16","PND21","AP5[50uM]","2018_12_06",20,"M",45,"rACSF","rACSF","8:45","Luis","R3","2018_12_06_1014.abf","2018_12_06_1023.abf","0.035","",1.00061010679585,1.04456864061058,0.924549106035457
"P21f-CS_1-CS3","PND21","Control","2017_05_10",20,"M",52,"rACSF","rACSF",NA,"Scott","xx","2017_05_10_0000.atf","2017_05_10_0002.abf","0","",NA,NA,NA
"P21f-CS_2-CS4","PND21","Control","2017_05_10",20,"M",52,"rACSF","rACSF",NA,"Scott","xx","2017_05_10_0006.atf","2017_05_10_0008.abf","0","Omit: shit recording",NA,NA,NA
"P21f-CS_3-CS5","PND21","Control","2017_05_11",21,"M",47,"rACSF","rACSF",NA,"Scott","xx","2017_05_11_0005.atf","2017_05_11_0009.abf","0","",1.09035958358468,NA,NA
"P21f-CS_4-CS14","PND21","Control","2017_07_12",20,"M",49,"rACSF","rACSF",NA,"Luis","xx","2017_07_12_1003.atf","2017_07_12_1006.abf","0.0","",0.905094543096422,NA,1.00754182531548
"P21f-CS_5-CS15","PND21","Control","2017_06_24",22,"F",56,"rACSF","rACSF",NA,"Luis","xx","2017_06_24_1002.atf","2017_06_24_1005.abf","0.0","",0.92613748891304,NA,0.888016293165994
"P21f-CS_6-CS16","PND21","Control","2017_06_24",22,"F",56,"rACSF","rACSF",NA,"Luis","xx","2017_06_24_1009.atf","2017_06_24_1013.abf","0.0","",0.976900395290622,NA,0.97811201700043
"P21f-CS_7-CS17","PND21","Control","2017_06_24",22,"F",56,"rACSF","rACSF",NA,"Luis","xx","2017_06_24_1016.atf","2017_06_24_1019.abf","0.0","",0.912649457963454,NA,0.988111090809894
"P21f-CS_8-CS19","PND21","Control","2017_05_10",20,"M",52,"rACSF","rACSF",NA,"Scott","xx","2017_05_10_0011.atf","2017_05_10_0014.abf","0","",1.08035728635324,NA,NA
"P21f-CS_9-CS20","PND21","Control","2017_05_11",21,"M",47,"rACSF","rACSF",NA,"Scott","xx","2017_05_11_0000.atf","2017_05_11_0003.abf","0","",1.09587227794191,NA,NA
"P21f-CS_10-CS31","PND21","Control","2017_09_18",21,"M",51,"rACSF","rACSF",NA,"Scott","xx","2017_09_18_0000.atf","2017_09_18_0003.abf","0.0","",0.938797368286941,NA,0.93052541409011
"P21f-CS_11-CS48","PND21","Control","2018_01_20",20,"F",57,"rACSF","rACSF",NA,"Scott","xx","2018_01_20_0011.atf","2018_01_20_0014.abf","0.0","",1.03350028366492,NA,1.12481448985552
"P21f-CS_12-CS49","PND21","Control","2018_01_20",20,"F",57,"rACSF","rACSF",NA,"Luis","xx","2018_01_20_1003.atf","2018_01_20_1006.abf","0.0","",NA,NA,1.07291306571352
"P21f-CS_13-CS50","PND21","Control","2018_01_20",20,"F",57,"rACSF","rACSF",NA,"Luis","xx","2018_01_20_1013.atf","2018_01_20_1017.abf","0.0","",1.16330036742485,NA,1.01954564356262
"P21f-CS_14-CS51","PND21","Control","2018_01_20",20,"F",57,"rACSF","rACSF",NA,"Scott","xx","2018_01_20_0018.atf","2018_01_20_0021.abf","0.0","",0.943485354175808,NA,1.00821797835383
"P21f-CS_15-CS52","PND21","Control","2018_01_22",22,"M",60,"rACSF","rACSF",NA,"Luis","xx","2018_01_22_1004.atf","2018_01_22_1007.abf","0.0","",1.00547323259842,NA,0.975751441770355
"P21f-CS_16-CS53","PND21","Control","2018_01_22",22,"M",60,"rACSF","rACSF",NA,"Luis","xx","2018_01_22_1015.atf","2018_01_22_1018.abf","0.0","",0.972405878867807,NA,1.02568656968726
"P21f-CS_17-CS54","PND21","Control","2018_01_24",20,"F",62,"rACSF","rACSF",NA,"Luis","xx","2018_01_24_1003.atf","2018_01_24_1006.abf","0.0","",1.01574582547214,NA,NA
"P21f-CS_18-CS55","PND21","Control","2018_01_24",20,"F",62,"rACSF","rACSF",NA,"Luis","xx","2018_01_24_1017.atf","2018_01_24_1020.abf","0","",1.15751433062532,NA,1.0357139819884
"P21f-CS_19","PND21","Control","2018_10_17",20,"M",63.5,"rACSF","Sucrose","7:00","Luis","xx","2018_10_17_1000.atf","2018_10_17_1006.abf","0.0","",0.944113859735122,1.00352439439178,0.978536538317083
"P21f-CS_20","PND21","Control","2018_10_17",20,"M",63.5,"rACSF","Sucrose","7:00","Sunny","xx","2018_10_17_2010.atf","2018_10_17_2016.abf","0.0","",1.01824842256529,1.17823681938705,1.12636780392087
"P21f-CS_21","PND21","Control","2018_10_18",21,"F",63,"rACSF","Sucrose","8:00","Luis","xx","2018_10_18_1000.atf","2018_10_18_1007.abf","0.0","",1.09263275778615,1.14664114471027,1.05818306402578
"P21f-CS_22","PND21","Control","2018_10_19",22,"M",73,"rACSF","Sucrose","11:45","Scott","xx","2018_10_19_0000.atf","2018_10_19_0006.abf","0.0","",1.02610206975269,1.01097079979463,0.989287909426158
"P21f-CS_23","PND21","Control","2018_10_19",22,"M",73,"rACSF","Sucrose","11:45","Luis","xx","2018_10_19_1017.atf","2018_10_19_1023.abf","0.0","",1.00249060622669,NA,0.987880271787354
"P21f-CS_24","PND21","Control","2018_10_19",22,"M",73,"rACSF","Sucrose","11:45","Scott","xx","2018_10_19_0029.atf","2018_10_19_0036.abf","0.0","",0.944547531321941,NA,0.91637469476917
"P21f-CS_25","PND21","Control","2018_12_06",20,"M",45,"rACSF","rACSF","8:45","Scott","R4","2018_12_06_0028.atf","2018_12_06_0035.abf","0.02","First IO done at 0.035mA",0.904533196858799,0.921038943517856,1.0647667667395
"P21f-CS_26","PND21","Control","2018_12_06",20,"M",45,"rACSF","rACSF","8:45","Luis","R4","2018_12_06_1033.atf","2018_12_06_1041.abf","0.035","No",0.880988361005577,0.92822932493614,0.945343943895544
"P21f-CS_27","PND21","Control","2018_12_08",22,"F",63,"rACSF","rACSF","2:40","Scott","R3","2018_12_08_0016.atf","2018_12_08_0024.abf",".0.25","",0.929561055977771,0.979160461635766,1.01835359214957
"P21f-S_1-S5","PND21","EtOH[50mM]","2017_07_12",20,"M",49,"rACSF","rACSF",NA,"Scott","xx","2017_07_12_0000.atf","2017_07_12_0004.abf","0.0","",0.991865245073515,NA,1.02672082086335
"P21f-S_2-S6","PND21","EtOH[50mM]","2017_07_12",20,"M",49,"rACSF","rACSF",NA,"Scott","xx","2017_07_12_0012.atf","2017_07_12_0016.abf","0.0","",0.903865313556342,NA,0.968100619758404
"P21f-S_3-S15","PND21","EtOH[50mM]","2018_01_24",20,"F",62,"rACSF","rACSF",NA,"Scott","xx","2018_01_24_0002.atf","2018_01_24_0006.abf","0.0","",1.0771007050855,NA,0.990380895175097
"P21f-S_4-S16","PND21","EtOH[50mM]","2018_01_24",20,"F",62,"rACSF","rACSF",NA,"Scott","xx","2018_01_24_0014.atf","2018_01_24_0019.abf","0.0","",1.06581990689356,NA,1.05068508343957
"P21f-S_5","PND21","EtOH[50mM]","2018_06_28",22,"F",57,"rACSF","rACSF",NA,"Scott","xx","2018_06_28_0003.atf","2018_06_28_0008.abf","0.0","",1.02265337827581,NA,1.08545967303646
"P21f-S_6","PND21","EtOH[50mM]","2018_06_28",22,"F",57,"rACSF","rACSF",NA,"Scott","xx","2018_06_28_0016.atf","2018_06_28_0022.abf","0.0","",0.980970359431469,NA,1.03144625834392
"P21f-S_7","PND21","EtOH[50mM]","2018_06_28",22,"F",57,"rACSF","rACSF",NA,"Luis","xx","2018_06_28_1030.atf","2018_06_28_1035.abf","0.0","",1.06881056714741,NA,1.10215427113186
"P21f-S_8","PND21","EtOH[50mM]","2018_10_17",20,"M",63.5,"rACSF","Sucrose","7:00","Scott","xx","2018_10_17_0008.atf","2018_10_17_0015.abf","0.0","",1.02372860630987,NA,0.975248665453643
"P21f-S_9","PND21","EtOH[50mM]","2018_10_17",20,"M",63.5,"rACSF","Sucrose","7:00","Scott","xx","2018_10_17_0021.atf","2018_10_17_0026.abf","0.0","",0.93982721083624,NA,0.984300190733232
"P21f-S_10","PND21","EtOH[50mM]","2018_10_18",21,"F",63,"rACSF","Sucrose","8:00","Scott","xx","2018_10_18_0030.atf","2018_10_18_0039.abf","0.0","",0.942177004335157,0.978019814424113,0.956086198207709
"P21f-S_11","PND21","EtOH[50mM]","2018_10_18",21,"F",63,"rACSF","Sucrose","8:00","Luis","xx","2018_10_18_1033.atf","2018_10_18_1041.abf","0.0","",1.10642787767056,NA,1.01280409908233
"P21f-S_12","PND21","EtOH[50mM]","2018_10_19",22,"M",73,"rACSF","Sucrose","11:45","Luis","xx","2018_10_19_1003.atf","2018_10_19_1008.abf","0.0","",1.00238731451257,NA,0.917569794640529
"P21f-S_13","PND21","EtOH[50mM]","2018_10_19",22,"M",73,"rACSF","Sucrose","11:45","Scott","xx","2018_10_19_0011.atf","2018_10_19_0017.abf","0.0","",0.878197658287111,NA,0.928740644984386
"P21f-S_14","PND21","EtOH[50mM]","2018_12_06",20,"M",45,"rACSF","rACSF","8:45","Scott","R2","2018_12_06_0015.atf","2018_12_06_0023.abf","0.025","",0.889533468110298,0.935112089765624,0.977452917592512
"P21f-S_15","PND21","EtOH[50mM]","2018_12_08",22,"F",63,"rACSF","rACSF","2:40","Scott","L3","2018_12_08_0000.atf","2018_12_08_0011.abf","0.035","",0.97365356174445,1.00573999918455,1.03374996136174
"P21f-S_16","PND21","EtOH[50mM]","2018_12_08",22,"F",63,"rACSF","rACSF","2:40","Luis","R3","2018_12_08_1000.atf","2018_12_08_1009.abf","0.035","",0.93146671623364,1.00086777764079,1.05782780316038
"P21f-SS_1-SS9","PND21","EtOH[100mM]","2017_06_22",20,"M",48,"rACSF","rACSF",NA,"Scott","xx","2017_06_22_0000.atf","2017_06_22_0004.abf","0.0","",0.927844787745635,NA,NA
"P21f-SS_2-SS10","PND21","EtOH[100mM]","2017_06_22",20,"M",48,"rACSF","rACSF",NA,"Scott","xx","2017_06_22_0008.atf","2017_06_22_0012.abf","0.0","",1.00816068386531,NA,0.991857113276889
"P21f-SS_3-SS11","PND21","EtOH[100mM]","2017_06_22",20,"M",48,"rACSF","rACSF",NA,"Scott","xx","2017_06_22_0024.atf","2017_06_22_0028.abf","0.0","",0.995561402667338,NA,1.1613835366984
"P21f-SS_4-SS12","PND21","EtOH[100mM]","2017_06_23",21,"F",49,"rACSF","rACSF",NA,"Scott","xx","2017_06_23_0000.atf","2017_06_23_0005.abf","0.0","",0.999077245614618,NA,1.18863772125452
"P21f-SS_5-SS13","PND21","EtOH[100mM]","2017_06_23",21,"F",49,"rACSF","rACSF",NA,"Scott","xx","2017_06_23_0017.atf","2017_06_23_0021.abf","0.0","",0.987681088006198,NA,0.980103033126839
"P21f-SS_6-SS14","PND21","EtOH[100mM]","2017_06_23",21,"F",49,"rACSF","rACSF",NA,"Scott","xx","2017_06_23_0025.atf","2017_06_23_0029.abf","0.0","",1.05668202945206,NA,1.12430166633401
"P21f-SS_7-SS15","PND21","EtOH[100mM]","2017_06_24",22,"F",56,"rACSF","rACSF",NA,"Scott","xx","2017_06_24_0000.atf","2017_06_24_0004.abf","0.0","",0.954712824965774,NA,0.980311140238128
"P21f-SS_8-SS16","PND21","EtOH[100mM]","2017_06_24",22,"F",56,"rACSF","rACSF",NA,"Scott","xx","2017_06_24_0008.atf","2017_06_24_0011.abf","0.0","",NA,NA,1.01258872956149
"P21f-SS_9-SS17","PND21","EtOH[100mM]","2017_06_24",22,"F",56,"rACSF","rACSF",NA,"Scott","xx","2017_06_24_0016.atf","2017_06_24_0020.abf","0.0","",1.03311361719508,NA,0.961595503511629
"P21f-SS_10-SS18","PND21","EtOH[100mM]","2017_06_24",22,"F",56,"rACSF","rACSF",NA,"Scott","xx","2017_06_24_0024.atf","2017_06_24_0028.abf","0.0","",0.923717443427113,NA,0.987060815783508
"P21f-SS_11","PND21","EtOH[100mM]","2018_06_26",20,"F",51.8,"rACSF","rACSF",NA,"Scott","xx","2018_06_26_0000.atf","2018_06_26_0005.abf","0.0","",0.967113234326614,NA,1.13986641893619
"P21f-SS_12","PND21","EtOH[100mM]","2018_06_26",20,"F",51.8,"rACSF","rACSF",NA,"Luis","xx","2018_06_26_1003.atf","2018_06_26_1008.abf","0.0","",1.07531128431241,NA,1.18882028216747
"P21f-SS_13","PND21","EtOH[100mM]","2018_06_26",20,"F",51.8,"rACSF","rACSF",NA,"Luis","xx","2018_06_26_1017.atf","2018_06_26_1022.abf","0.0","",1.09202429973304,NA,1.14484086661123
"P21f-SS_14","PND21","EtOH[100mM]","2018_10_18",21,"F",63,"rACSF","Sucrose","8:00","Scott","xx","2018_10_18_0020.atf","2018_10_18_0025.abf","0.0","",0.971275760787997,NA,1.06837320079012
"P21f-SS_15","PND21","EtOH[100mM]","2018_10_18",21,"F",63,"rACSF","Sucrose","8:00","Luis","xx","2018_10_18_1016.atf","2018_10_18_1021.abf","0.0","",1.02687001124979,NA,1.00922284671381
"P28f-AP5F_1-AP14","PND28","AP5[50uM]","2017_11_23",27,"F",88,"rACSF","rACSF",NA,"Scott","xx","2017_11_23_0003.atf","2017_11_23_0006.abf","0","",1.06162262090737,NA,1.01209021990765
"P28f-AP5F_2-AP15","PND28","AP5[50uM]","2017_11_23",27,"F",88,"rACSF","rACSF",NA,"Scott","xx","2017_11_23_0017.atf","2017_11_23_0020.abf","0","",1.21966900380404,NA,1.05531879305705
"P28f-AP5F_3-AP16","PND28","AP5[50uM]","2017_11_24",28,"M",99,"rACSF","rACSF",NA,"Scott","xx","2017_11_24_0001.atf","2017_11_24_0004.abf","0.0","",1.02519596443398,NA,0.985840528580776
"P28f-AP5F_4-AP17","PND28","AP5[50uM]","2017_11_24",28,"M",99,"rACSF","rACSF",NA,"Luis","xx","2017_11_24_1000.atf","2017_11_24_1006.abf","0.0","",1.09591663282932,NA,1.04211576571406
"P28f-AP5F_5-AP18","PND28","AP5[50uM]","2017_11_24",28,"M",99,"rACSF","rACSF",NA,"Scott","xx","2017_11_24_0018.atf","2017_11_24_0022.abf","0.0","",1.02256129231007,NA,1.00094516797037
"P28f-AP5W_6","PND28","AP5[50uM]","2018_10_24",27,"F",88,"rACSF","rACSF","9:15","Luis","R4","2018_10_24_1015.atf","2018_10_24_1020.abf","0.04","",1.14391378537096,NA,1.03501739970727
"P28f-AP5W_7","PND28","AP5[50uM]","2018_12_13",27,"F",88,"rACSF","rACSF","12:45","Scott","L3","2018_12_13_0003.atf","2018_12_13_0012.abf","0.04","",0.908987209669283,0.933118097837703,0.915125159851126
"P28f-AP5W_8","PND28","AP5[50uM]","2018_12_13",27,"F",88,"rACSF","rACSF","12:45","Luis","R3","2018_12_13_1013.atf","2018_12_13_1022.abf","0.03","",0.916981988366059,1.06487668639605,1.02227608623311
"P28f-AP5W_9","PND28","AP5[50uM]","2018_12_14",28,"M",85,"rACSF","rACSF","2:55","Luis","L3","2018_12_14_1000.atf","2018_12_14_1009.abf","0.04","",0.9756484230509,0.963029741195343,0.895254760139073
"P28f-AP5W_10","PND28","AP5[50uM]","2018_12_14",28,"M",85,"rACSF","rACSF","2:55","Luis","R2","2018_12_14_1014.atf","2018_12_14_1023.abf","0.03","",0.923599225130578,1.00626210088869,0.986129183966242
"P28f-CS_2-CS7","PND28","Control","2017_06_30",27,"M",90,"rACSF","rACSF",NA,"Sunny","xx","2017_06_30_2000.atf","2017_06_30_2003.abf",NA,"",1.17108860345442,NA,1.27832095727131
"P28f-CS_3-CS8","PND28","Control","2017_06_30",27,"M",90,"rACSF","rACSF",NA,"Sunny","xx","2017_06_30_2010.atf","2017_06_30_2013.abf","0.0","",1.19803224177457,NA,1.36356512549497
"P28f-CS_4-CS9","PND28","Control","2017_07_01",28,"M",93,"rACSF","rACSF",NA,"Sunny","xx","2017_07_01_2000.atf","2017_07_01_2003.abf","0","",1.01031010374447,NA,1.20102224974469
"P28f-CS_5-CS10","PND28","Control","2017_07_01",28,"M",93,"rACSF","rACSF",NA,"Sunny","xx","2017_07_01_2007.atf","2017_07_01_2010.abf",NA,"",1.04546804510155,NA,1.33498774982472
"P28f-CS_6-CS12","PND28","Control","2017_08_31",28,"M",95,"rACSF","rACSF",NA,"Scott","xx","2017_08_31_0000.atf","2017_08_31_0003.abf","0.0","",1.17897467398276,NA,0.932799658290865
"P28f-CS_7-CS13","PND28","Control","2017_08_31",28,"M",95,"rACSF","rACSF",NA,"Scott","xx","2017_08_31_0008.atf","2017_08_31_0011.abf","0.0","",0.99091456576816,NA,1.03996614296809
"P28f-CS_8-CS18","PND28","Control","2017_08_31",28,"M",95,"rACSF","rACSF",NA,"Luis","xx","2017_08_31_1000.atf","2017_08_31_1004.abf","0.0","",0.926553975718196,NA,0.878404902704918
"P28f-CS_9-CS21","PND28","Control","2017_09_01",29,"F",104,"rACSF","rACSF",NA,"Luis","xx","2017_09_01_1000.atf","2017_09_01_1003.abf","0.0","",0.925210777561618,NA,1.00979632816701
"P28f-CS_10-CS32","PND28","Control","2017_11_24",28,"M",99,"rACSF","rACSF",NA,"Sunny","xx","2017_11_24_2000.atf","2017_11_24_2003.abf","0.0","",0.996811389687404,NA,0.989151196998816
"P28f-CS_11-CS33","PND28","Control","2017_11_24",28,"M",99,"rACSF","rACSF",NA,"Sunny","xx","2017_11_24_2008.atf","2017_11_24_2012.abf","0.0","",1.26479144358494,NA,1.26376567220351
"P28f-CS_12-CS34","PND28","Control","2017_11_25",29,"M",99,"rACSF","rACSF",NA,"Luis","xx","2017_11_25_1004.atf","2017_11_25_1007.abf","0.0","",0.994865096773376,NA,0.977731777543266
"P28f-CS_13-CS35","PND28","Control","2017_11_25",29,"M",99,"rACSF","rACSF",NA,"Sunny","xx","2017_11_25_2003.atf","2017_11_25_2006.abf","0.0","",1.13024050105803,NA,0.97724997016512
"P28f-CS_14-CS56","PND28","Control","2018_01_27",27,"F",88,"rACSF","rACSF",NA,"Scott","xx","2018_01_27_0007.atf","2018_01_27_0012.abf","0","Omit this day due to heating issues",1.07085174017617,NA,0.941671032811573
"P28f-CS_15-CS57","PND28","Control","2018_01_27",27,"F",88,"rACSF","rACSF",NA,"Luis","xx","2018_01_27_1003.atf","2018_01_27_1006.abf","0","Omit due to heating issue",1.09991250753893,NA,1.02801819682458
"P28f-CS_16-CS58","PND28","Control","2018_01_27",27,"F",88,"rACSF","rACSF",NA,"Scott","xx","2018_01_27_0018.atf","2018_01_27_0022.abf","0","Omit due to heating issue",1.00853147688396,NA,0.968071618449551
"P28f-CS_17-CS59","PND28","Control","2018_01_27",27,"F",88,"rACSF","rACSF",NA,"Luis","xx","2018_01_27_1012.atf","2018_01_27_1016.abf","0","Fixed heating issue on this slice",1.04419376527742,NA,1.06923376130798
"P28f-CS_18-CS60","PND28","Control","2018_01_28",28,"F",96,"rACSF","rACSF",NA,"Luis","xx","2018_01_28_1003.atf","2018_01_28_1008.abf","0.0","",1.04335739214327,NA,1.04954045150057
"P28f-CS_19-CS61","PND28","Control","2018_01_28",28,"F",96,"rACSF","rACSF",NA,"Scott","xx","2018_01_28_0009.atf","2018_01_28_0014.abf","0.0","",1.05743962498678,1.07631695231366,1.01969597454427
"P28f-CS_20-CS62","PND28","Control","2018_01_28",28,"F",96,"rACSF","rACSF",NA,"Luis","xx","2018_01_28_1015.atf","2018_01_28_1021.abf","0.0","",1.10701963593714,1.13568255073959,1.04462119083814
"P28f-CS_21-CS63","PND28","Control","2018_01_31",27,"M",108,"rACSF","rACSF",NA,"Scott","xx","2018_01_31_0004.atf","2018_01_31_0008.abf","0.0","",1.07085819226048,NA,1.00509644512759
"P28f-CS_22-CS64","PND28","Control","2018_01_31",27,"M",108,"rACSF","rACSF",NA,"Luis","xx","2018_01_31_1000.atf","2018_01_31_1005.abf","0.0","",1.01132629383734,NA,0.964343079192143
"P28f-CS_23-CS65","PND28","Control","2018_01_31",27,"M",108,"rACSF","rACSF",NA,"Luis","xx","2018_01_31_1009.atf","2018_01_31_1013.abf","0.0","",1.04403033427529,NA,0.98236119235445
"P28f-CS_24-CS66","PND28","Control","2018_02_01",28,"M",111,"rACSF","rACSF",NA,"Luis","xx","2018_02_01_1000.atf","2018_02_01_1003.abf","0.0","",1.02468978507885,NA,0.996686297628535
"P28f-CS_25-CS67","PND28","Control","2018_02_01",28,"M",111,"rACSF","rACSF",NA,"Luis","xx","2018_02_01_1012.atf","2018_02_01_1016.abf","0.0","",0.946708939103075,NA,0.992332002790796
"P28f-CS_26","PND28","Control","2018_08_13",28,"F",96.8,"rACSF","Sucrose",NA,"Luis","xx","2018_08_13_1000.atf","2018_08_13_1005.abf","0","",0.99024394091247,NA,0.99695562855126
"P28f-CS_27","PND28","Control","2018_08_13",28,"F",96.8,"rACSF","Sucrose",NA,"Sunny","xx","2018_08_13_2005.atf","2018_08_13_2008.abf","0","",1.2345841876342,NA,1.02359447060961
"P28f-CS_28","PND28","Control","2018_08_13",28,"F",96.8,"rACSF","Sucrose",NA,"Luis","xx","2018_08_13_1013.atf","2018_08_13_1016.abf","0","",1.00677156265355,NA,0.930501969646217
"P28f-CS_29","PND28","Control","2018_08_13",28,"F",96.8,"rACSF","Sucrose",NA,"Sunny","xx","2018_08_13_2018.atf","2018_08_13_2021.abf","0","",1.01775320864947,NA,1.04218280670433
"P28f-CS_30","PND28","Control","2018_08_13",28,"F",96.8,"rACSF","Sucrose",NA,"Scott","xx","2018_08_13_0004.atf","2018_08_13_0007.abf","0","",0.959277987076019,NA,0.964215905971168
"P28f-CS_31","PND28","Control","2018_08_14",29,"F",107,"rACSF","Sucrose",NA,"Luis","xx","2018_08_14_1004.atf","2018_08_14_1007.abf","0","",1.05708356585072,NA,1.03400617157763
"P28f-CS_32","PND28","Control","2018_08_14",29,"F",107,"rACSF","Sucrose",NA,"Sunny","xx","2018_08_14_2000.atf","2018_08_14_2003.abf","0","",1.30765651522923,NA,1.29985695011654
"P28f-CS_33","PND28","Control","2018_08_14",29,"F",107,"rACSF","Sucrose",NA,"Luis","xx","2018_08_14_1017.atf","2018_08_14_1021.abf","0","",1.08043753461923,NA,1.06474124431445
"P28f-CS_34","PND28","Control","2018_08_15",30,"M",135,"rACSF","Sucrose",NA,"Sunny","xx","2018_08_15_2000.atf","2018_08_15_2004.abf","0","",0.981169201005625,NA,1.13551650065776
"P28f-CS_35","PND28","Control","2018_08_15",30,"M",135,"rACSF","Sucrose",NA,"Luis","xx","2018_08_15_1009.atf","2018_08_15_1014.abf","0","",1.08474244679086,NA,1.02008414639029
"P28f-CS_36","PND28","Control","2018_08_15",30,"M",135,"rACSF","Sucrose",NA,"Scott","xx","2018_08_15_0008.atf","2018_08_15_0011.abf","0","",1.08048293129744,NA,1.04268882691098
"P28f-CS_37","PND28","Control","2018_10_26",29,"F",96,"rACSF","Sucrose","2:45","Luis","R","2018_10_26_1025.atf","2018_10_26_1029.abf","0.05","",0.935732779831522,NA,0.959329843617366
"P28f-CS_38","PND28","Control","2018_12_13",27,"F",88,"rACSF","rACSF","12:45","Luis","L4","2018_12_13_1000.atf","2018_12_13_1008.abf","0.03","",0.874830748309929,0.93504763619312,0.962999984207947
"P28f-S_2","PND28","EtOH[50mM]","2017_05_17",27,"F",73,"rACSF","rACSF",NA,"Scott","xx","2017_05_17_0000.atf","2017_05_17_0004.abf","0","",1.20890687332231,NA,NA
"P28f-S_3","PND28","EtOH[50mM]","2017_05_17",27,"F",73,"rACSF","rACSF",NA,"Scott","xx","2017_05_17_0007.atf","2017_05_17_0011.abf","0","",1.11545483836181,NA,NA
"P28f-S_4-S7","PND28","EtOH[50mM]","2017_07_19",27,"F",83,"rACSF","rACSF",NA,"Scott","xx","2017_07_19_0000.atf","2017_07_19_0004.abf","0.0","",0.940642305051819,NA,0.983667526843621
"P28f-S_5-S8","PND28","EtOH[50mM]","2017_07_19",27,"F",83,"rACSF","rACSF",NA,"Scott","xx","2017_07_19_0008.atf","2017_07_19_0013.abf","0.0","",0.984749253324357,NA,1.0233560977437
"P28f-S_6-S17","PND28","EtOH[50mM]","2018_01_31",27,"M",108,"rACSF","rACSF",NA,"Scott","xx","2018_01_31_0016.atf","2018_01_31_0022.abf","0.0","",1.05179998791386,NA,1.03891472394097
"P28f-S_7-S18","PND28","EtOH[50mM]","2018_02_01",28,"M",111,"rACSF","rACSF",NA,"Scott","xx","2018_02_01_0003.atf","2018_02_01_0012.abf","0.0","",1.01151295071451,NA,0.880231457564698
"P28f-S_8-S19","PND28","EtOH[50mM]","2018_02_01",28,"M",111,"rACSF","rACSF",NA,"Scott","xx","2018_02_01_0023.atf","2018_02_01_0028.abf","0.0","",0.996108545633438,NA,0.944911854524586
"P28f-S_9","PND28","EtOH[50mM]","2018_07_04",28,"M",99.7,"rACSF","rACSF",NA,"Luis","xx","2018_07_04_1023.atf","2018_07_04_1028.abf","0.0","",1.1551274507522,NA,1.08908717507778
"P28f-S_10","PND28","EtOH[50mM]","2018_10_24",27,"F",88,"rACSF","rACSF","9:15","Scott","L3","2018_10_24_0007.atf","2018_10_24_0014.abf","0.02","",0.938975676255497,NA,0.932689634585561
"P28f-S_11","PND28","EtOH[50mM]","2018_10_26",29,"F",96,"rACSF","Sucrose","2:45","Scott","L3","2018_10_26_0031.atf","2018_10_26_0040.abf","0.03",NA,0.901543434755792,0.931438032446556,NA
"P28f-S_12","PND28","EtOH[50mM]","2018_12_15",29,"F",90,"rACSF","rACSF","12:45","Luis","R3","2018_12_15_1000.atf","2018_12_15_1009.abf","0.04","",0.961053955428071,1.00221576751459,0.974745777610331
"P28f-SS_3-SS19","PND28","EtOH[100mM]","2017_06_29",26,"M",86,"rACSF","rACSF",NA,"Scott","xx","2017_06_29_0000.atf","2017_06_29_0004.abf","0.0","",1.00552461769736,NA,0.991087705084188
"P28f-SS_4-SS_20","PND28","EtOH[100mM]","2017_06_29",26,"M",86,"rACSF","rACSF",NA,"Scott","xx","2017_06_29_0008.atf","2017_06_29_0012.abf","0","",0.943558815862895,NA,1.0386405318437
"P28f-SS_5-SS_21","PND28","EtOH[100mM]","2017_06_29",26,"M",86,"rACSF","rACSF",NA,"Scott","xx","2017_06_29_0020.atf","2017_06_29_0024.abf","0","",0.995240550508879,NA,0.938493539026969
"P28f-SS_6-SS22","PND28","EtOH[100mM]","2017_07_01",28,"M",93,"rACSF","rACSF",NA,"Scott","xx","2017_07_01_0001.atf","2017_07_01_0006.abf","0.0","",0.997524981189456,NA,1.04423197370164
"P28f-SS_7-SS23","PND28","EtOH[100mM]","2017_07_01",28,"M",93,"rACSF","rACSF",NA,"Scott","xx","2017_07_01_0010.atf","2017_07_01_0014.abf","0.0","",1.10282455376944,NA,1.1833880772028
"P28f-SS_8","PND28","EtOH[100mM]","2018_07_04",28,"M",99.7,"rACSF","rACSF",NA,"Scott","xx","2018_07_04_0000.atf","2018_07_04_0005.abf","0.0","",0.978460345495119,NA,0.992109930757191
"P28f-SS_9","PND28","EtOH[100mM]","2018_07_04",28,"M",99.7,"rACSF","rACSF",NA,"Scott","xx","2018_07_04_0020.atf","2018_07_04_0025.abf","0.0","",1.00503849409488,NA,1.05780392591595
"P28f-SS_10","PND28","EtOH[100mM]","2018_07_04",28,"M",99.7,"rACSF","rACSF",NA,"Luis","xx","2018_07_04_1005.atf","2018_07_04_1010.abf","0.0","",0.986437365934024,NA,0.902288369343028
"P28f-SS_11","PND28","EtOH[100mM]","2018_07_05",29,"F",99,"rACSF","rACSF",NA,"Luis","xx","2018_07_05_1000.atf","2018_07_05_1005.abf","0.0","",0.958688547873026,NA,1.02606350871049
"P28f-SS_12","PND28","EtOH[100mM]","2018_07_05",29,"F",99,"rACSF","rACSF",NA,"Scott","xx","2018_07_05_0020.atf","2018_07_05_0027.abf","0.0","",1.1596361221841,1.09610163456708,1.1282131465406
"P28f-SS_13","PND28","EtOH[100mM]","2018_07_05",29,"F",99,"rACSF","rACSF",NA,"Luis","xx","2018_07_05_1018.atf","2018_07_05_1022.abf","0.0","",1.22869198112087,NA,1.07016022192412
"P28f-SS_14","PND28","EtOH[100mM]","2018_10_26",29,"F",96,"rACSF","Sucrose","2:45","Luis","L2","2018_10_26_1000.atf","2018_10_26_1009.abf","0.035","",0.955711282786172,1.06289221085938,1.00034022857586
"P28f-SS_15","PND28","EtOH[100mM]","2018_10_26",29,"F",96,"rACSF","Sucrose","2:45","Scott","L2","2018_10_26_0005.atf","2018_10_26_0013.abf","0.03","",0.926026993500627,0.991462504516926,1.01937880344187
"P28f-SS_16","PND28","EtOH[100mM]","2018_10_26",29,"F",96,"rACSF","Sucrose","2:45","Luis","R3","2018_10_26_1014.atf","2018_10_26_1019.abf","0.05","",1.03411882858414,NA,1.06428699256377
"P28f-SS_17","PND28","EtOH[100mM]","2018_12_15",29,"F",90,"rACSF","rACSF","12:45","Luis","L4","2018_12_15_1014.atf","2018_12_15_1023.abf","0.035","",0.970075105981369,1.00876819712142,0.985958814724156
